random_id,participant_id,n
p0d5bav9bo7,1234,1
p0g1u7gdoco,cheetah,1
p1conchcl7u,porcupine,1
p3fxo0fe242,A17287899,1
p4jw266we7u,cricket,1
p4ymvcm7n7k,1234,1
p5a3jfuhgna,eagle,1
p94n1ez6hg3,shark,1
p9ftomqz24z,A16486413,1
p9tgbwxnezo,tiger,1
pax93bacamf,gorilla,1
pbelykwxo2a,kangaroo,1
pbx3xameutw,parrot,1
pcmt9jf3vxa,badger,1
pcouuz13m3t,A18151131,1
pd25b67xte7,seal,1
pd5emc8vksj,dolphin,1
pdd824g8un2,A1789315,1
peujpfta69z,A16486413,1
pfbn4mxo94a,panda,1
pgcxacby2mb,turtle,1
phndlbb4rlg,A16995566,1
pj6cfmw88u4,A16486413,1
pj7y31pyyo0,Heron,1
plzgly86wcc,flamingo,1
pmr222x9lgx,lion,1
pn71u7zw1uk,camel,1
po7ec71ra50,A16486413,1
pp8vzzm9gsp,penguin,1
ppembqoyonb,gazelle,1
ppum649q6lo,manatee,1
pq15qb1x71y,pelican,1
pq3tf3pnmhf,hedgehog,1
pqgeu1c3fdn,jaguar,1
prh3t0pubsx,axolotl,1
prrckg2mafh,moose,1
prycaqwgm2z,falcon,1
psv1e7tuvdz,leopard,1
ptwd2r0rpo0,antelope,1
pukawcplx1z,llama,1
pw9om6t3whs,koala,1
px4l0poyq9z,p73,1
